FeatureSet,Model,Accuracy,Precision,Recall,F1
PriceOnly,LogisticRegression,0.5341772151898734,0.5333333333333333,0.64,0.5818181818181818
